pattern,source,target,input_tokens,output_tokens,thinking_chars,response_chars,response_runes,response_words,elapsed_sec,response_text
EN->EN,EN,EN,1348,694,149,2133,2134,277,8,"Anthropic was established with the goal of building the world's safest and most capable large language model. Its flagship product, Claude, is a state-of-the-art model designed for enterprise use, offering advanced reasoning, vision analysis, code generation, and multilingual processing.  A key benefit of Claude is its large context window. By default, the models support 200,000 tokens—approximately 150,000 words or over 500 pages—while Sonnet 4 and 4.5 now offer an expanded one-million-token window in preview. This enables large-scale code analysis, lengthy document synthesis, and sophisticated context-aware agents capable of maintaining coherence across hundreds of tool calls and multi-step workflows.  Claude demonstrates near-human comprehension and fluency on complex tasks, supporting dialogue, creative content, reasoning, math, coding, and scientific queries. It can edit, summarize, classify, extract structured data, and perform Q&A. Its steerability gives users greater control and predictable outputs. Practical applications include helping financial analysts interpret reports, enabling marketing teams to craft compelling copy, assisting healthcare professionals in summarizing patient records and identifying drug interactions, and supporting legal firms in reviewing documents and drafting contracts.  Claude also offers best-in-class vision capabilities, accurately transcribing text from imperfect images and understanding photos, charts, graphs, and technical diagrams—valuable for retail, logistics, and financial services. In terms of speed, Claude 3.5 Haiku is fast and cost-effective, excelling at tasks requiring rapid responses, with latency-optimized inference now available in preview.  Built on Anthropic's leading safety research and techniques like Constitutional AI, Claude resists jailbreaks and misuse, aiming to be helpful, honest, and harmless while reducing brand risk.  Use cases span customer service, operations, legal work, insurance claims decisions, and coding, where Claude boosts productivity through code generation, debugging, and natural-language explanations of existing code."
EN->ZH,EN,ZH,1353,850,0,863,864,11,14,"信任型人工智能系统  Anthropic公司成立的宗旨是打造全球最安全、最强大的大型语言模型。Claude是Anthropic推出的前沿、最先进的大型语言模型，为企业提供高级推理、视觉分析、代码生成和多语言处理等重要功能。  在优势方面，Claude默认拥有20万token的上下文窗口，能够处理大量信息，相当于约15万单词或超过500页材料。Sonnet 4和4.5现已提供扩展至100万token的上下文长度（预览版），支持大规模代码分析、长文档综合，以及创建更复杂的、能够在数百次工具调用和多步骤工作流中保持连贯性的情境感知智能代理。  在智能方面，Claude在复杂任务上展现出接近人类的理解与流畅水平，引领通用智能前沿。它可用于复杂对话、创意内容生成、推理、数学、编程和科学查询，并能编辑、改写、总结、分类、提取结构化数据和问答。Claude具有更高的可控性，能产生可预测的高质量输出。在实际商业场景中，它可帮助金融分析师分析财报、识别趋势；协助营销团队撰写广告文案和社交内容；帮助医疗专业人员总结病历、识别药物相互作用；协助律所审阅法律文件、起草合同模板。  在视觉方面，Claude具备同类领先的视觉能力，能准确转录不完美图像中的文字，这对零售、物流和金融服务至关重要。最新模型能理解照片、图表、图形和技术图示等多种视觉格式，帮助从文档中提取洞察、处理网页界面和产品文档、生成图像目录元数据。  在速度方面，Claude 3.5 Haiku在其智能类别中快速且具成本效益，擅长需要快速响应的复杂任务，如知识检索或销售自动化。新推出的延迟优化推理（公开预览）可让企业在不牺牲质量的前提下实现更快响应。  在安全方面，Claude基于Anthropic领先的安全研究，采用宪法AI等技术，具备业界领先的抗越狱和防滥用能力，旨在做到有益、诚实和无害，降低品牌风险。  应用场景包括：客户服务（充当全天候虚拟销售代表）、运营（提取信息、总结调查）、法律（解析法律文件）、保险（辅助理赔决策）和编程（协助代码生成与调试）。"
EN->JA,EN,JA,1353,830,103,893,894,12,14,"Anthropicは、世界で最も安全かつ高性能な大規模言語モデルの開発を目指して設立された企業であり、その最先端モデルがClaudeである。Claudeは高度な推論、画像分析、コード生成、多言語処理など、企業にとって重要な機能を備えている。  主な利点として、まず大きなコンテキストウィンドウが挙げられる。標準では20万トークン（約15万語、500ページ以上）を扱え、Sonnet 4および4.5ではプレビュー版として100万トークンまで拡張された。これにより大規模なコード解析や長文書の統合、数百回のツール呼び出しや多段階ワークフローを通じて一貫性を保つ高度なエージェントの構築が可能になる。  知能面では、Claudeは複雑なタスクで人間に近い理解力と流暢さを示し、対話、創造的なコンテンツ生成、推論、数学、コーディング、科学的問いに対応する。編集、要約、分類、構造化データ抽出、Q&Aなども行え、高い制御性と予測可能で高品質な出力を提供する。実務では、財務分析、マーケティングのコピー作成、医療記録の要約や薬物相互作用の特定、法律文書のレビューや契約書のドラフト作成などに活用できる。  視覚機能も業界最高水準で、不完全な画像からの文字起こしや、写真、グラフ、技術図など多様な視覚形式の理解に優れ、小売、物流、金融サービスで有用である。文書からの洞察抽出、Web UIや製品ドキュメントの処理、画像カタログのメタデータ生成などが可能だ。  速度面では、Claude 3.5 Haikuが高速かつ費用対効果に優れ、知識検索や営業自動化など迅速な応答を要するタスクに適している。レイテンシ最適化推論のプレビュー提供により、品質を損なわずさらに速い応答が実現できる。  安全面では、Anthropicの研究に基づきConstitutional AIなどの技術で構築され、ジェイルブレイクや悪用への耐性が高く、有用・誠実・無害であることを目指している。  活用例としては、カスタマーサービス、業務オペレーション、法務、保険、コーディングなど幅広い分野で生産性向上や意思決定支援に貢献する。"
ZH->EN,ZH,EN,1483,719,434,2229,2230,275,9,"**Trustworthy Artificial Intelligence Systems**  Anthropic was founded with the mission of building the world's safest and most powerful large language models. Claude is Anthropic's most advanced model, providing enterprises with crucial capabilities including advanced reasoning, visual analysis, code generation, and multilingual processing.  A key advantage is its expansive context window. By default, Claude models support a 200,000-token context window—roughly 150,000 words or over 500 pages. Sonnet 4 and 4.5 now offer an extended one-million-token context (preview), enabling large-scale code analysis, lengthy document synthesis, and sophisticated context-aware agents that maintain consistency across hundreds of tool calls and multi-step workflows.  In terms of intelligence, Claude demonstrates near-human comprehension and fluency, excelling at complex reasoning, mathematics, coding, creative writing, summarization, classification, and data extraction. Its improved steerability gives users greater control and predictable, high-quality outputs. Practically, Claude helps financial analysts identify trends, marketing teams craft compelling copy, healthcare professionals summarize records and detect drug interactions, and law firms review documents and draft contract templates.  Claude also offers best-in-class vision capabilities, accurately transcribing text from imperfect images and interpreting photos, charts, graphs, and technical diagrams—valuable for retail, logistics, and financial services. For speed, Claude 3.5 Haiku is fast and cost-effective, ideal for knowledge retrieval and sales automation, with new latency-optimized inference available in public preview.  Safety is central. Built using Anthropic's leading research and techniques like Constitutional AI, Claude offers industry-leading resistance to jailbreaks and misuse, reducing brand risk while remaining helpful, honest, and harmless.  Use cases span customer service (virtual sales representatives), operations (extracting and summarizing information), legal (parsing documents), insurance (informing claims decisions), and coding (generating code, debugging, and helping developers understand existing code to boost productivity)."
ZH->ZH,ZH,ZH,1488,945,190,935,936,38,14,"值得信赖的人工智能系统  Anthropic 成立的宗旨是打造世界上最安全、最强大的大型语言模型。其最前沿的模型 Claude 为企业提供高级推理、视觉分析、代码生成和多语言处理等重要功能。  在上下文窗口方面，Claude 默认拥有 20 万个令牌的上下文长度，约相当于 15 万字或超过 500 页材料，能够一次处理大量信息。Sonnet 4 和 4.5 还提供预览版的 100 万个令牌扩展上下文，支持大规模代码分析、冗长文档合成，以及构建更复杂的上下文感知型代理，使其在数百次工具调用和多步骤工作流中保持一致性。  在智能方面，Claude 对于复杂任务展现出接近人类水平的理解力与流畅度，能够编写复杂对话、生成创意内容，执行推理、数学、编码和科学查询，并可编辑、改写、总结、分类、提取结构化数据及问答。它提高了可操纵性，让用户获得更多控制并产出高质量、可预测的结果。实际应用中，金融分析师可借助它分析财务报告、发现趋势并生成摘要；营销团队可撰写广告文案、产品描述与社交媒体内容；医疗专业人员可汇总病历、识别药物相互作用并协助诊断；律师事务所可审阅与总结法律文件、确定先例并起草合同模板。  在视觉能力上，Claude 具有同类最佳表现，能从不完美的图像中准确转录文本，这是零售、物流和金融服务的核心能力。它擅长理解照片、图表、图形和技术示意图等多种视觉格式，可从文档提取信息、处理 Web UI 与产品文档、生成图像目录元数据等。  在速度方面，Claude 3.5 Haiku 快速且性价比高，适合知识检索或销售自动化等需要快速响应的复杂任务。其延迟优化推理已进入公共预览版，可在不影响质量的前提下提升任务关键型应用的响应速度。  在安全方面，Claude 基于 Anthropic 的领先研究，采用 Constitutional AI 等技术构建，具备行业领先的抵御越狱与滥用能力，降低品牌风险，致力于提供有益、诚实且无害的服务。  应用案例包括：客户服务中担任虚拟销售代表，快速友好地解决请求；运营中提取邮件与文档信息、分类汇总调查；法律中解析文件、回答问题；保险中提供索赔与保单见解，协助决策；编码中生成代码、调试并帮助开发人员理解现有代码，提升效率。"
ZH->JA,ZH,JA,1488,880,65,954,955,12,16,"Anthropicは、世界で最も安全かつ強力な大規模言語モデルの開発を目的に設立された企業である。同社の最先端モデルであるClaudeは、高度な推論、視覚分析、コード生成、多言語処理といった機能を備え、企業に提供されている。  Claudeの強みの一つは長大なコンテキストウィンドウである。標準で20万トークン（約15万字、500ページ超に相当）を扱え、Sonnet 4および4.5ではプレビュー版として100万トークンの拡張コンテキストが利用可能となった。これにより大規模なコード分析や長文書の統合、数百のツール呼び出しや複数ステップのワークフローでも一貫性を保つ高度なエージェントの構築が可能になる。  知能面では、Claudeは複雑なタスクで人間に近い理解力と流暢さを示し、対話作成、創造的コンテンツ生成、推論、数学、コーディング、科学的調査などに対応する。要約、分類、構造化データ抽出、質疑応答も行え、操作性が高く高品質で予測可能な出力を実現する。金融分析、マーケティングの文章作成、医療現場でのカルテ要約や薬物相互作用の特定、法律文書の審査や契約書草案作成など、実務での活用が期待される。  視覚能力も同類最高水準であり、不完全な画像からも正確に文字を転記でき、小売・物流・金融サービスで重要な機能となる。写真、図表、グラフ、技術的な模式図など多様な視覚形式を理解し、文書からの情報抽出やWeb UIの処理、画像カタログのメタデータ生成などが可能である。  速度面では、Claude 3.5 Haikuが高速かつコスト効率に優れ、知識検索や販売自動化など迅速な応答が求められるタスクで力を発揮する。新たな遅延最適化推論により、品質を損なわず応答時間を短縮できる。  安全性については、AnthropicはConstitutional AIなどの技術を採用し、ジェイルブレイクや悪用への耐性で業界をリードしている。これによりブランドリスクを低減し、有益で誠実かつ無害なサービス提供を目指している。  主な活用例として、迅速で友好的な顧客サービス、業務文書からの情報抽出や調査回答の集約といった運営支援、法律文書の解析、保険の索賠判断支援、コード生成やデバッグによる開発者の生産性向上などが挙げられる。"
JA->EN,JA,EN,1891,656,0,2085,2086,272,8,"Anthropic was founded to create the world's safest and most capable large language models. Claude, its frontier model, is a state-of-the-art system providing enterprises with key capabilities such as advanced reasoning, vision analysis, code generation, and multilingual processing.  Claude offers several benefits. By default, it has a 200,000-token context window—equivalent to roughly 150,000 words or over 500 pages. With Sonnet 4, this expands to one million tokens (in preview), enabling large-scale code analysis, document synthesis, and sophisticated context-aware agents that maintain consistency across hundreds of tool calls and multistep workflows.  In terms of intelligence, Claude demonstrates near-human understanding and fluency in complex tasks, excelling in dialogue, creative content, reasoning, mathematics, coding, and science. It can edit, rewrite, summarize, classify, and extract structured data. In real business scenarios, financial analysts use Claude to analyze reports and identify trends, marketing teams create compelling copy, healthcare workers summarize patient records and identify drug interactions, and law firms review legal documents and draft contract templates.  Claude provides best-in-class vision capabilities, accurately transcribing text from imperfect images—a core function in retail, logistics, and financial services. It understands diverse visual formats like photos, charts, graphs, and technical diagrams, extracting insights from documents and generating image catalog metadata.  Regarding speed, Claude 3.5 Haiku is fast and cost-effective, ideal for tasks requiring quick responses like knowledge retrieval and sales automation.  For safety, Claude is built on Anthropic's research using techniques like Constitutional AI, offering industry-leading resilience against jailbreaks and misuse, aiming to be helpful, honest, and harmless.  Use cases include customer service, operations, legal processing, insurance claims decisions, and coding assistance, helping developers boost productivity through code generation and debugging."
JA->ZH,JA,ZH,1896,869,194,865,866,37,16,"Anthropic 致力于打造全球最安全且最强大的大型语言模型，Claude 正是其前沿产品。作为最先进的大型语言模型，Claude 为企业提供高级推理、视觉分析、代码生成和多语言处理等关键功能。  在优势方面，Claude 模型默认拥有 20 万 token 的上下文窗口，可处理约 15 万字、超过 500 页的资料。Sonnet 4 更将上下文长度扩展至 100 万 token（预览阶段），从而支持大规模代码分析和耗时的文档合成，并能在数百次工具调用和多步骤工作流中保持一致性，构建出高级的上下文感知代理。  在智能方面，Claude 在复杂任务中展现出接近人类的理解力和流畅度，可用于精细对话、创意内容生成、复杂推理、数学、编程及科学问答，还能进行结构化数据编辑、改写、摘要、分类、抽取和问答。实际应用中，金融分析师可借助 Claude 分析财报并生成洞察摘要；营销团队可创作广告文案、产品说明和社交媒体内容；医疗人员可快速总结病历、识别药物相互作用并辅助诊断；律师事务所可高效审阅与摘要法律文件、查找判例并起草合同模板。  在视觉方面，Claude 提供同类最佳的视觉能力，能从不完整图像中准确转录文本，这对零售、物流和金融服务等领域是核心功能。最新模型可理解照片、图表、技术图等多种视觉形式，从而提取更多洞察、处理网页界面和产品文档，并生成图像目录元数据。  在速度方面，Claude 3.5 Haiku 兼具高速与高性价比，擅长知识获取、销售自动化等需快速响应的复杂任务；新推出的低延迟推理（公开预览）可在不损质量的前提下进一步缩短关键应用的响应时间。  在安全方面，Claude 基于 Anthropic 的先进安全研究，采用 Constitutional AI 等技术，具备业界领先的抗越狱与防滥用能力，旨在做到有益、诚实和无害，降低品牌风险。  应用场景涵盖：客户服务中作为全天候虚拟客服提升满意度；运营中提取信息并分类摘要；法律处理中解析文件并答疑；保险中提供请求决策洞察；编程中协助代码生成、调试与理解。"
JA->JA,JA,JA,1896,844,0,952,953,13,13,"# 信頼できるAIシステム「Claude」の概要  Anthropicは、世界で最も安全かつ有能な大規模言語モデルの開発を目指して設立された企業である。同社の最先端モデルであるClaudeは、高度な推論、ビジョン分析、コード生成、多言語処理など、企業にとって重要な機能を提供する。  Claudeの大きなメリットの一つが、巨大なコンテキストウィンドウである。デフォルトで20万トークン（約15万語、500ページ超に相当）に対応し、Sonnet 4ではプレビュー版で最大100万トークンまで拡張された。これにより大規模なコード分析や長文書の合成が可能となり、数百のツール呼び出しやマルチステップのワークフローでも一貫性を保つ高度なエージェントを構築できる。  インテリジェンス面では、Claudeは複雑なタスクで人間に近い理解力と流暢さを示し、対話、創造的コンテンツ生成、推論、数学、コーディング、科学的質問などに対応する。構造化データの編集、要約、分類、抽出、Q&Aも可能で、高い操作性と予測可能な高品質出力を実現する。実例として、金融アナリストの財務報告分析、マーケティングチームの広告コピー作成、医療従事者による患者記録の要約や薬物相互作用の特定、法律事務所での法的文書の見直しや契約テンプレート作成などに活用されている。  ビジョン機能ではクラス最高レベルを誇り、不完全な画像からの正確なテキスト書き起こしが可能である。写真、チャート、グラフ、技術図など幅広い形式を理解し、小売、物流、金融サービスでのインサイト抽出に貢献する。  スピード面では、Claude 3.5 Haikuが高速かつ費用対効果に優れ、知識取得や販売自動化に適している。レイテンシー最適化推論も利用可能で、応答時間の短縮を実現する。  安全性については、Anthropicの先進研究に基づきConstitutional AIなどの技法で構築され、ジェイルブレイクや悪用への業界トップクラスの耐性を持ち、有益・正直・無害であることを目指している。  主なユースケースには、カスタマーサービス、業務効率化のためのオペレーション、法的処理、保険金請求の意思決定支援、コーディング支援などがあり、幅広い業界で生産性向上に寄与している。"
